Workbook

Sheet Premissas
A1: PREMISSAS DE CUSTO — PILARES LETSARA (células amarelas: editar)
A2: Fonte dos preços: a preencher com os valores da fábrica (compra + corte/dobra + montagem). Os valores iniciais são estimativas da ND para o sul do PR, out/2026.
A4: Item | B4: Valor | C4: Observação
A5: Aço CA-50 colocado (R$/kg) | B5: 9.5 | C5: inclui corte, dobra e montagem
A6: Cordoalha CP-190 RB Ø12,7 colocada (R$/kg) | B6: 12 | C6: inclui perda de pista (~8 %)
A7: Operação de protensão por peça (R$/peça) | B7: 180 | C7: estiramento, cabeceira, corte
A8: Concreto C40 lançado (R$/m³) | B8: 650 | C8: igual nas duas opções
A9: Fôrma metálica — uso por peça (R$/peça) | B9: 350 | C9: igual nas duas opções
A10: Mão de obra de armação extra por kg (R$/kg) | B10: 0 | C10: já incluída no aço colocado; use se a fábrica separa
A11: Massa linear Ø20 (kg/m) | B11: 2.466 | C11: NBR 7480
A12: Massa linear Ø25 (kg/m) | B12: 3.853 | C12: NBR 7480
A13: Massa linear Ø8 (kg/m) | B13: 0.395 | C13: NBR 7480
A14: Massa linear cordoalha Ø12,7 (kg/m) | B14: 0.78 | C14: 7 fios, 98,7 mm²
A15: Perda de pista da cordoalha (fração) | B15: 0.08 | C15: comprimento morto nas cabeceiras
A16: Perdas/ganchos do aço passivo (fração) | B16: 0.1 | C16: sobre o comprimento reto
... A19: Pilares de fachada 40×60 (un) | B19: 6 | C19: P3–P5 e P14–P16

Sheet Pilares
A1: QUANTITATIVOS POR PILAR 40×60 × 11 m — ARMADO × PROTENDIDO
A2: Armaduras das verificações pelo método geral (DEC-012). Estribos Ø8 c/15 iguais nas duas opções. Cordoalhas a 250 mm do eixo, 5 por face.
A4: Item | B4: Unid. | C4: Armado | D4: Protendido | E4: Como foi calculado
A5: Concreto C40 | B5: m³ | C5: =0.4*0.6*Premissas!$B$17 -> 2.64 | D5: =0.4*0.6*Premissas!$B$17 -> 2.64 | E5: 0,40 × 0,60 × L
A6: Barras Ø20 (un) | B6: un | C6: 10 | D6: 8 | E6: armado: 5 por face de 40; protendido: 8 Ø20 (4 por face de 60)
A7: Barras Ø25 (un) | B7: un | C7: 6 | D7: 0 | E7: armado: 3 intermediárias por face de 60 (4 Ø25 por face com os cantos)
A8: Aço longitudinal CA-50 | B8: kg | C8: =(C6*Premissas!$B$11+C7*Premissas!$B$12)*Premissas!$B$17*(1+Premissas!$B$16) -> 578.1138 | D8: =(D6*Premissas!$B$11+D7*Premissas!$B$12)*Premissas!$B$17*(1+Premissas!$B$16) -> 238.7088 | E8: n × kg/m × L × (1 + perdas)
A9: Estribos Ø8 c/15 | B9: kg | C9: =ROUNDUP(Premissas!$B$17/0.15,0)*1.9*Premissas!$B$13 -> 55.537 | D9: =ROUNDUP(Premissas!$B$17/0.15,0)*1.9*Premissas!$B$13 -> 55.537 | E9: perímetro 1,78 m + ganchos = 1,90 m por estribo
A10: Aço CA-50 total | B10: kg | C10: =C8+C9 -> 633.6508 | D10: =D8+D9 -> 294.2458
A11: Cordoalhas Ø12,7 (un) | B11: un | C11: 0 | D11: 10 | E11: 5 por face a 250 mm do eixo
A12: Cordoalha CP-190 | B12: kg | C12: =C11*Premissas!$B$17*Premissas!$B$14*(1+Premissas!$B$15) -> 0 | D12: =D11*Premissas!$B$17*Premissas!$B$14*(1+Premissas!$B$15) -> 92.664 | E12: n × L × kg/m × (1 + perda de pista)
A13: Taxa de aço passivo | B13: % | C13: =C10/(C5*7850) -> 0.0305757 | D13: =D10/(D5*7850) -> 0.014198311 | E13: kg de aço / kg de concreto (7850 kg/m³ de aço)
A17: Custo por pilar
A18: Concreto | C18: =C5*Premissas!$B$8 -> 1716 | D18: =D5*Premissas!$B$8 -> 1716
A19: Aço CA-50 | C19: =C10*(Premissas!$B$5+Premissas!$B$10) -> 6019.6826 | D19: =D10*(Premissas!$B$5+Premissas!$B$10) -> 2795.3351
A20: Cordoalha | C20: =C12*Premissas!$B$6 -> 0 | D20: =D12*Premissas!$B$6 -> 1111.968
A21: Operação de protensão | C21: =IF(C11>0,Premissas!$B$7,0) -> 0 | D21: =IF(D11>0,Premissas!$B$7,0) -> 180
A22: Fôrma | C22: =Premissas!$B$9 -> 350 | D22: =Premissas!$B$9 -> 350
A23: TOTAL por pilar | C23: =SUM(C18:C22) -> 8085.6826 | D23: =SUM(D18:D22) -> 6153.3031
A25: Diferença por pilar (protendido − armado) | C25: =D23-C23 -> -1932.3795 | D25: =IF(C23=0,0,D23/C23-1) -> -0.2389878

Sheet Comparativo
A1: COMPARATIVO — 24 PILARES 40×60 (laterais + fachadas)
B3: Armado | C3: Protendido | D3: Diferença
A4: Pilares (un) | B4: =(Premissas!$B$18+Premissas!$B$19) -> 24 | C4: =(Premissas!$B$18+Premissas!$B$19) -> 24 | D4: =C4-B4 -> 0
A5: Aço CA-50 total (kg) | B5: =Pilares!C10*(Premissas!$B$18+Premissas!$B$19) -> 15207.619 | C5: =Pilares!D10*(Premissas!$B$18+Premissas!$B$19) -> 7061.8992 | D5: =C5-B5 -> -8145.72
A6: Cordoalha total (kg) | B6: =Pilares!C12*(Premissas!$B$18+Premissas!$B$19) -> 0 | C6: =Pilares!D12*(Premissas!$B$18+Premissas!$B$19) -> 2223.936 | D6: =C6-B6 -> 2223.936
A7: Concreto total (m³) | B7: =Pilares!C5*(Premissas!$B$18+Premissas!$B$19) -> 63.36 | C7: =Pilares!D5*(Premissas!$B$18+Premissas!$B$19) -> 63.36 | D7: =C7-B7 -> 0
A8: Custo total (R$) | B8: =Pilares!C23*(Premissas!$B$18+Premissas!$B$19) -> 194056.38 | C8: =Pilares!D23*(Premissas!$B$18+Premissas!$B$19) -> 147679.27 | D8: =C8-B8 -> -46377.108
A9: Custo por pilar (R$) | B9: =Pilares!C23 -> 8085.6826 | C9: =Pilares!D23 -> 6153.3031 | D9: =C9-B9 -> -1932.3795
A10: Variação (%) | D10: =IF(B8=0,0,C8/B8-1) -> -0.2389878
A12: O que não entra no custo e pesa na decisão
A13: 1. Protendido: pilar sem fissura na combinação frequente e no içamento (menos reparo e melhor aparência).
A14: 2. Protendido: cabeceira regulada em 525 mm; ocupa pista de protensão (concorre com as vigas).
A15: 3. Armado: fissura na combinação rara de vento (8,8 MPa de tração) e perde rigidez depois disso; protendido também fissura na rara (4,7 MPa), mas com 16 cordoalhas não fissuraria.
A16: 4. Os dois atendem à armadura mínima passiva (0,4 % Ac = 9,6 cm²): armado 51 cm² (2,1 %), protendido 25 cm² (1,05 %).
A17: 5. Preços em amarelo são estimativas: trocar pelos da fábrica antes de decidir.
A20: Legenda: amarelo/azul = entrada editável; preto = fórmula; verde = vem de outra aba.
